,LOAN_ID
1,ZZZ00085
2,ZZZ000101
3,ZZZ000108
4,ZZZ000119
5,ZZZ000258
6,ZZZ000275
7,ZZZ000298
8,ZZZ000460
9,ZZZ000658
10,ZZZ000732
11,ZZZ000746
12,ZZZ000763
13,ZZZ000774
14,ZZZ000783
15,ZZZ000827
16,ZZZ000890
17,ZZZ000908
18,ZZZ0001007
19,ZZZ0001104
20,ZZZ0001115
21,ZZZ0001164
22,ZZZ0001229
23,ZZZ0001363
24,ZZZ0001440
25,ZZZ0001597
26,ZZZ0001684
27,ZZZ0001718
28,ZZZ0001800
29,ZZZ0001928
30,ZZZ0001933
31,ZZZ0001957
32,ZZZ0001989
33,ZZZ0002035
34,ZZZ0002063
35,ZZZ0002088
36,ZZZ0002218
37,ZZZ0002356
38,ZZZ0002480
39,ZZZ0002559
40,ZZZ0002592
41,ZZZ0002625
42,ZZZ0002823
43,ZZZ0002850
44,ZZZ0002864
45,ZZZ0002898
46,ZZZ0002934
47,ZZZ0002970
48,ZZZ0003003
49,ZZZ0003042
50,ZZZ0003059
51,ZZZ0003097
52,ZZZ0003246
53,ZZZ0003319
54,ZZZ0003344
55,ZZZ0003406
56,ZZZ0003438
57,ZZZ0003460
58,ZZZ0003622
59,ZZZ0003643
60,ZZZ0003724
61,ZZZ0003746
62,ZZZ0003959
63,ZZZ0003994
64,ZZZ0004071
65,ZZZ0004139
66,ZZZ0004184
67,ZZZ0004212
68,ZZZ0004221
69,ZZZ0004238
70,ZZZ0004372
71,ZZZ0004599
72,ZZZ0004628
73,ZZZ0004751
74,ZZZ0005129
75,ZZZ0005450
76,ZZZ0005464
77,ZZZ0005480
78,ZZZ0005503
79,ZZZ0005591
80,ZZZ0005644
81,ZZZ0005687
82,ZZZ0005770
83,ZZZ0006040
84,ZZZ0006137
85,ZZZ0006476
86,ZZZ0006574
87,ZZZ0006618
88,ZZZ0006857
89,ZZZ0006898
90,ZZZ0006979
91,ZZZ0007012
92,ZZZ0007031
93,ZZZ0007070
94,ZZZ0007192
95,ZZZ0007276
96,ZZZ0007372
97,ZZZ0007378
98,ZZZ0007542
99,ZZZ0007573
100,ZZZ0007659
101,ZZZ0007692
102,ZZZ0007746
103,ZZZ0007780
104,ZZZ0007856
105,ZZZ0007946
106,ZZZ0008029
107,ZZZ0008238
108,ZZZ0008362
109,ZZZ0008397
110,ZZZ0008423
111,ZZZ0008456
112,ZZZ0008494
113,ZZZ0008519
114,ZZZ0008656
115,ZZZ0008668
116,ZZZ0008781
117,ZZZ0008852
118,ZZZ0009057
119,ZZZ0009119
120,ZZZ0009124
121,ZZZ0009221
122,ZZZ0009251
123,ZZZ0009288
124,ZZZ0009314
125,ZZZ0009373
126,ZZZ0009422
127,ZZZ0009797
128,ZZZ0009884
129,ZZZ0009910
